Dataset,Model,Class,Precision,Recall,F1-score,Support
Taiwan External,Baseline CNN,Tomato___Bacterial_spot,1.0,0.0727,0.1356,110
Taiwan External,Baseline CNN,Tomato___Early_blight,0.0,0.0,0.0,0
Taiwan External,Baseline CNN,Tomato___Late_blight,0.3678,0.9082,0.5235,98
Taiwan External,Baseline CNN,Tomato___Leaf_Mold,0.0,0.0,0.0,0
Taiwan External,Baseline CNN,Tomato___Septoria_leaf_spot,0.0,0.0,0.0,0
Taiwan External,Baseline CNN,Tomato___Spider_mites Two-spotted_spider_mite,0.0,0.0,0.0,0
Taiwan External,Baseline CNN,Tomato___Target_Spot,0.0,0.0,0.0,0
Taiwan External,Baseline CNN,Tomato___Tomato_Yellow_Leaf_Curl_Virus,0.0,0.0,0.0,0
Taiwan External,Baseline CNN,Tomato___Tomato_mosaic_virus,0.0,0.0,0.0,0
Taiwan External,Baseline CNN,Tomato___healthy,0.0,0.0,0.0,106
Taiwan External,DenseNet121,Tomato___Bacterial_spot,0.75,0.0545,0.1017,110
Taiwan External,DenseNet121,Tomato___Early_blight,0.0,0.0,0.0,0
Taiwan External,DenseNet121,Tomato___Late_blight,0.3728,0.8673,0.5215,98
Taiwan External,DenseNet121,Tomato___Leaf_Mold,0.0,0.0,0.0,0
Taiwan External,DenseNet121,Tomato___Septoria_leaf_spot,0.0,0.0,0.0,0
Taiwan External,DenseNet121,Tomato___Spider_mites Two-spotted_spider_mite,0.0,0.0,0.0,0
Taiwan External,DenseNet121,Tomato___Target_Spot,0.0,0.0,0.0,0
Taiwan External,DenseNet121,Tomato___Tomato_Yellow_Leaf_Curl_Virus,0.0,0.0,0.0,0
Taiwan External,DenseNet121,Tomato___Tomato_mosaic_virus,0.0,0.0,0.0,0
Taiwan External,DenseNet121,Tomato___healthy,0.0,0.0,0.0,106
Taiwan External,EfficientNetB0 + Class Weight,Tomato___Bacterial_spot,0.5,0.0091,0.0179,110
Taiwan External,EfficientNetB0 + Class Weight,Tomato___Early_blight,0.0,0.0,0.0,0
Taiwan External,EfficientNetB0 + Class Weight,Tomato___Late_blight,0.4586,0.7347,0.5647,98
Taiwan External,EfficientNetB0 + Class Weight,Tomato___Leaf_Mold,0.0,0.0,0.0,0
Taiwan External,EfficientNetB0 + Class Weight,Tomato___Septoria_leaf_spot,0.0,0.0,0.0,0
Taiwan External,EfficientNetB0 + Class Weight,Tomato___Spider_mites Two-spotted_spider_mite,0.0,0.0,0.0,0
Taiwan External,EfficientNetB0 + Class Weight,Tomato___Target_Spot,0.0,0.0,0.0,0
Taiwan External,EfficientNetB0 + Class Weight,Tomato___Tomato_Yellow_Leaf_Curl_Virus,0.0,0.0,0.0,0
Taiwan External,EfficientNetB0 + Class Weight,Tomato___Tomato_mosaic_virus,0.0,0.0,0.0,0
Taiwan External,EfficientNetB0 + Class Weight,Tomato___healthy,0.0,0.0,0.0,106
Taiwan External,EfficientNetB0,Tomato___Bacterial_spot,0.5,0.0091,0.0179,110
Taiwan External,EfficientNetB0,Tomato___Early_blight,0.0,0.0,0.0,0
Taiwan External,EfficientNetB0,Tomato___Late_blight,0.3679,0.7959,0.5032,98
Taiwan External,EfficientNetB0,Tomato___Leaf_Mold,0.0,0.0,0.0,0
Taiwan External,EfficientNetB0,Tomato___Septoria_leaf_spot,0.0,0.0,0.0,0
Taiwan External,EfficientNetB0,Tomato___Spider_mites Two-spotted_spider_mite,0.0,0.0,0.0,0
Taiwan External,EfficientNetB0,Tomato___Target_Spot,0.0,0.0,0.0,0
Taiwan External,EfficientNetB0,Tomato___Tomato_Yellow_Leaf_Curl_Virus,0.0,0.0,0.0,0
Taiwan External,EfficientNetB0,Tomato___Tomato_mosaic_virus,0.0,0.0,0.0,0
Taiwan External,EfficientNetB0,Tomato___healthy,0.0,0.0,0.0,106
Taiwan External,MobileNetV2,Tomato___Bacterial_spot,0.8,0.0727,0.1333,110
Taiwan External,MobileNetV2,Tomato___Early_blight,0.0,0.0,0.0,0
Taiwan External,MobileNetV2,Tomato___Late_blight,0.3401,0.8571,0.487,98
Taiwan External,MobileNetV2,Tomato___Leaf_Mold,0.0,0.0,0.0,0
Taiwan External,MobileNetV2,Tomato___Septoria_leaf_spot,0.0,0.0,0.0,0
Taiwan External,MobileNetV2,Tomato___Spider_mites Two-spotted_spider_mite,0.0,0.0,0.0,0
Taiwan External,MobileNetV2,Tomato___Target_Spot,0.0,0.0,0.0,0
Taiwan External,MobileNetV2,Tomato___Tomato_Yellow_Leaf_Curl_Virus,0.0,0.0,0.0,0
Taiwan External,MobileNetV2,Tomato___Tomato_mosaic_virus,0.0,0.0,0.0,0
Taiwan External,MobileNetV2,Tomato___healthy,0.0,0.0,0.0,106
Bangladesh BBox External,Baseline CNN,Tomato___Bacterial_spot,0.0061,0.0108,0.0078,93
Bangladesh BBox External,Baseline CNN,Tomato___Early_blight,0.0353,0.0357,0.0355,84
Bangladesh BBox External,Baseline CNN,Tomato___Late_blight,0.1245,0.5531,0.2033,179
Bangladesh BBox External,Baseline CNN,Tomato___Leaf_Mold,0.0,0.0,0.0,303
Bangladesh BBox External,Baseline CNN,Tomato___Septoria_leaf_spot,0.0,0.0,0.0,0
Bangladesh BBox External,Baseline CNN,Tomato___Spider_mites Two-spotted_spider_mite,0.0,0.0,0.0,0
Bangladesh BBox External,Baseline CNN,Tomato___Target_Spot,0.0,0.0,0.0,47
Bangladesh BBox External,Baseline CNN,Tomato___Tomato_Yellow_Leaf_Curl_Virus,0.0,0.0,0.0,0
Bangladesh BBox External,Baseline CNN,Tomato___Tomato_mosaic_virus,0.0,0.0,0.0,0
Bangladesh BBox External,Baseline CNN,Tomato___healthy,0.0,0.0,0.0,383
Bangladesh BBox External,DenseNet121,Tomato___Bacterial_spot,0.0,0.0,0.0,93
Bangladesh BBox External,DenseNet121,Tomato___Early_blight,0.0,0.0,0.0,84
Bangladesh BBox External,DenseNet121,Tomato___Late_blight,0.1404,0.6704,0.2321,179
Bangladesh BBox External,DenseNet121,Tomato___Leaf_Mold,0.0,0.0,0.0,303
Bangladesh BBox External,DenseNet121,Tomato___Septoria_leaf_spot,0.0,0.0,0.0,0
Bangladesh BBox External,DenseNet121,Tomato___Spider_mites Two-spotted_spider_mite,0.0,0.0,0.0,0
Bangladesh BBox External,DenseNet121,Tomato___Target_Spot,0.0,0.0,0.0,47
Bangladesh BBox External,DenseNet121,Tomato___Tomato_Yellow_Leaf_Curl_Virus,0.0,0.0,0.0,0
Bangladesh BBox External,DenseNet121,Tomato___Tomato_mosaic_virus,0.0,0.0,0.0,0
Bangladesh BBox External,DenseNet121,Tomato___healthy,0.0,0.0,0.0,383
Bangladesh BBox External,EfficientNetB0,Tomato___Bacterial_spot,0.1406,0.1935,0.1629,93
Bangladesh BBox External,EfficientNetB0,Tomato___Early_blight,0.0933,0.0833,0.0881,84
Bangladesh BBox External,EfficientNetB0,Tomato___Late_blight,0.2055,0.9609,0.3386,179
Bangladesh BBox External,EfficientNetB0,Tomato___Leaf_Mold,0.0,0.0,0.0,303
Bangladesh BBox External,EfficientNetB0,Tomato___Septoria_leaf_spot,0.0,0.0,0.0,0
Bangladesh BBox External,EfficientNetB0,Tomato___Spider_mites Two-spotted_spider_mite,0.0,0.0,0.0,0
Bangladesh BBox External,EfficientNetB0,Tomato___Target_Spot,0.0,0.0,0.0,47
Bangladesh BBox External,EfficientNetB0,Tomato___Tomato_Yellow_Leaf_Curl_Virus,0.0,0.0,0.0,0
Bangladesh BBox External,EfficientNetB0,Tomato___Tomato_mosaic_virus,0.0,0.0,0.0,0
Bangladesh BBox External,EfficientNetB0,Tomato___healthy,0.0,0.0,0.0,383
Bangladesh BBox External,EfficientNetB0 + Class Weight,Tomato___Bacterial_spot,0.2647,0.0968,0.1417,93
Bangladesh BBox External,EfficientNetB0 + Class Weight,Tomato___Early_blight,0.055,0.131,0.0775,84
Bangladesh BBox External,EfficientNetB0 + Class Weight,Tomato___Late_blight,0.1844,0.6592,0.2882,179
Bangladesh BBox External,EfficientNetB0 + Class Weight,Tomato___Leaf_Mold,0.0,0.0,0.0,303
Bangladesh BBox External,EfficientNetB0 + Class Weight,Tomato___Septoria_leaf_spot,0.0,0.0,0.0,0
Bangladesh BBox External,EfficientNetB0 + Class Weight,Tomato___Spider_mites Two-spotted_spider_mite,0.0,0.0,0.0,0
Bangladesh BBox External,EfficientNetB0 + Class Weight,Tomato___Target_Spot,0.0,0.0,0.0,47
Bangladesh BBox External,EfficientNetB0 + Class Weight,Tomato___Tomato_Yellow_Leaf_Curl_Virus,0.0,0.0,0.0,0
Bangladesh BBox External,EfficientNetB0 + Class Weight,Tomato___Tomato_mosaic_virus,0.0,0.0,0.0,0
Bangladesh BBox External,EfficientNetB0 + Class Weight,Tomato___healthy,0.0,0.0,0.0,383
Bangladesh BBox External,MobileNetV2,Tomato___Bacterial_spot,0.0,0.0,0.0,93
Bangladesh BBox External,MobileNetV2,Tomato___Early_blight,0.0798,0.2262,0.118,84
Bangladesh BBox External,MobileNetV2,Tomato___Late_blight,0.1616,0.6816,0.2612,179
Bangladesh BBox External,MobileNetV2,Tomato___Leaf_Mold,0.0,0.0,0.0,303
Bangladesh BBox External,MobileNetV2,Tomato___Septoria_leaf_spot,0.0,0.0,0.0,0
Bangladesh BBox External,MobileNetV2,Tomato___Spider_mites Two-spotted_spider_mite,0.0,0.0,0.0,0
Bangladesh BBox External,MobileNetV2,Tomato___Target_Spot,0.0,0.0,0.0,47
Bangladesh BBox External,MobileNetV2,Tomato___Tomato_Yellow_Leaf_Curl_Virus,0.0,0.0,0.0,0
Bangladesh BBox External,MobileNetV2,Tomato___Tomato_mosaic_virus,0.0,0.0,0.0,0
Bangladesh BBox External,MobileNetV2,Tomato___healthy,0.0,0.0,0.0,383
